<PAMDataset>
  <PAMRasterBand band="1">
    <Description>Band_1</Description>
    <Histograms>
      <HistItem>
        <HistMin>0</HistMin>
        <HistMax>3</HistMax>
        <BucketCount>256</BucketCount>
        <IncludeOutOfRange>1</IncludeOutOfRange>
        <Approximate>0</Approximate>
        <HistCounts>1143130|0|0|0|0|0|0|0|0|0|0|0|0|0|0|0|0|0|0|0|0|0|0|0|0|0|0|0|0|0|0|0|0|0|0|0|0|0|0|0|0|0|0|0|0|0|0|0|0|0|0|0|0|0|0|0|0|0|0|0|0|0|0|0|0|0|0|0|0|0|0|0|0|0|0|0|0|0|0|0|0|0|0|0|0|0|0|0|0|0|0|0|0|0|0|0|0|0|0|0|0|0|0|0|0|0|0|0|0|0|0|0|0|0|0|0|0|0|0|0|0|0|0|0|0|0|0|0|0|0|0|0|0|0|0|0|24247|0|0|0|0|0|0|0|0|0|0|0|0|0|0|0|0|14004|0|0|0|0|0|0|0|0|0|0|0|0|0|0|0|0|5179|0|0|0|0|0|0|0|618|0|0|0|0|0|0|0|0|0|0|0|0|0|0|0|0|372|0|0|0|0|0|0|0|0|0|0|0|0|0|0|0|0|196|0|0|0|0|0|0|0|0|3192|0|0|0|0|0|0|0|0|0|0|0|0|0|0|0|0|7537|0|0|0|0|0|0|0|0|0|0|0|0|0|0|0|0|16297</HistCounts>
      </HistItem>
    </Histograms>
    <Metadata>
      <MDI key="STATISTICS_MINIMUM">0</MDI>
      <MDI key="STATISTICS_MAXIMUM">3</MDI>
      <MDI key="STATISTICS_MEAN">0.12784095000852</MDI>
      <MDI key="STATISTICS_STDDEV">0.53026242597946</MDI>
      <MDI key="STATISTICS_MEDIAN">0.000000</MDI>
      <MDI key="STATISTICS_COUNT">1214772.000000</MDI>
      <MDI key="STATISTICS_SKIPFACTORX">1</MDI>
      <MDI key="STATISTICS_SKIPFACTORY">1</MDI>
      <MDI key="STATISTICS_EXCLUDEDVALUES"></MDI>
      <MDI key="STATISTICS_COVARIANCES">0.2811782404056262</MDI>
    </Metadata>
  </PAMRasterBand>
</PAMDataset>
